date,gold_spot,silver_spot,total_gold_ozs_sold,total_silver_ozs_sold,gold_spot_percent_change,silver_spot_percent_change,weekday,is_weekend
2025-02-07,2861.765,31.825,542.8,3912.0,0.005067059917118755,-1.247094818303962,4,0
2025-02-06,2861.62,32.2269,523.6,5572.2,0.04947197840714512,0.002792776019377996,3,0
2025-02-05,2860.205,32.226,379.1,4575.0,0.010664708556240576,-0.1332548266137712,2,0
2025-02-04,2859.9,32.269,863.9,5508.2,1.6083819187601822,2.438343031468926,1,0
2025-02-03,2814.63,31.5009,949.2,17393.2,0.951544062264631,1.1784544228174987,0,0
2025-02-02,2788.1,31.134,232.0,2300.0,-0.40828281890175067,-0.6382842918235765,6,1
2025-02-01,2799.53,31.334,15.8,147.2,0.01679135138226151,-0.20033824995461247,5,1
2025-01-31,2799.06,31.3969,371.7,3775.0,0.19670206349233776,-0.14343871255009244,4,0
2025-01-30,2793.565,31.442,519.3,6368.2,0.9797719829673923,1.681650604747431,3,0
2025-01-29,2766.46,30.922,461.4,5547.0,0.24041379435291166,1.798812204532596,2,0
2025-01-28,2759.825,30.3756,307.7,3300.0,0.7057144994407905,1.259425691217353,1,0
2025-01-27,2740.485,29.9978,296.1,6023.0,-1.1376180547037817,-1.9811071065641395,0,0
2025-01-25,2772.02,30.6041,8.3,125.0,0.0,0.0,5,1
2025-01-24,2772.02,30.6041,312.3,4401.0,-0.09658701841639417,-0.7243556057273781,4,0
2025-01-23,2774.7,30.8274,343.0,3531.0,0.7397456727147311,0.5384462352791664,3,0
2025-01-22,2754.325,30.6623,400.7,2775.0,0.23728030191370042,-0.5903826950759306,2,0
2025-01-21,2747.805,30.8444,238.3,3257.0,0.8372507789019323,0.8877113793216207,1,0
2025-01-20,2724.99,30.573,436.9,7630.0,0.7807299140494273,0.6651081623917587,0,0
2025-01-18,2703.88,30.371,15.0,19.0,0.0,0.0,5,1
2025-01-17,2703.88,30.371,201.6,2163.0,-0.37086234245720107,-1.0162045184924473,4,0
2025-01-16,2713.945,30.6828,368.3,4490.0,0.7166091140358599,-0.23865106872760222,3,0
2025-01-15,2694.635,30.7562,236.6,2847.2,0.46248830264370433,2.677763645043574,2,0
2025-01-14,2682.23,29.9541,95.5,2120.0,0.44996376696258,0.8592910848550073,1,0
2025-01-13,2670.215,29.6989,384.9,6494.0,-0.7517357755608689,-2.3961482844748305,0,0
2025-01-10,2690.44,30.428,309.1,4780.0,0.42946170773088266,0.48678031478901485,4,0
2025-01-09,2678.935,30.2806,255.8,3280.0,0.4375268299175339,0.3599363648415732,3,0
2025-01-08,2667.265,30.172,226.5,2085.0,0.5333353435490018,0.1586764129835938,2,0
2025-01-07,2653.115,30.1242,225.1,3470.0,0.45112070271089433,0.11199548030109696,1,0
2025-01-06,2641.2,30.0905,495.5,7325.0,0.032192701725142214,1.5456002699738347,0,0
2025-01-03,2640.35,29.6325,42.9,2330.0,-0.752713433256591,0.030381285128355806,4,0
2025-01-02,2660.375,29.6235,312.2,3915.0,1.330441125218762,2.4520569264555814,3,0
2024-12-31,2625.445,28.9145,260.1,3862.0,0.6334038606013337,0.1662827152581814,1,0
2024-12-30,2608.92,28.8665,186.3,4090.0,-0.5204818174538772,-1.8015995319107025,0,0
2024-12-27,2622.57,29.3961,443.3,7445.0,-0.4734264500226737,-1.4288013627431817,4,0
2024-12-26,2635.045,29.8222,42.4,250.0,0.5692465641017774,0.4324135004613705,3,0
2024-12-23,2620.13,29.6938,396.2,9165.8,-0.14767502348509431,0.5546901456146225,0,0
2024-12-20,2624.005,29.53,345.7,7370.0,0.7347789616736433,1.5610759352182813,4,0
2024-12-19,2604.865,29.0761,221.0,2896.2,-0.34679582085213045,-1.7224537529955342,3,0
2024-12-18,2613.93,29.5857,203.4,2858.1,-1.269293890354617,-2.7870236808296034,2,0
2024-12-17,2647.535,30.4339,177.9,1763.6,-0.07529637331905592,0.027937184063331344,1,0
2024-12-16,2649.53,30.4254,224.1,5260.6,-0.19305710158193934,-0.573837456292281,0,0
2024-12-15,2654.655,30.601,39.7,324.2,0.18548989712199315,0.09027455238868054,6,1
2024-12-13,2649.74,30.5734,325.5,5900.3,-1.5083707514347844,-1.2518975485287909,4,0
2024-12-12,2690.32,30.961,103.5,2007.9,-1.0689897366688794,-3.7910568347782836,3,0
2024-12-11,2719.39,32.181,257.1,2305.8,0.8247609972767522,1.1837947460265008,2,0
2024-12-10,2697.145,31.8045,188.7,2677.9,0.9744994131664297,-0.4070832485243203,1,0
2024-12-09,2671.115,31.9345,397.4,5605.2,1.3957928821016319,3.076361946199979,0,0
2024-12-06,2634.345,30.9814,232.8,1507.2,-0.23045488802960756,-1.0548772503568893,4,0
2024-12-05,2640.43,31.3117,161.8,1629.6,-0.2787209052009021,0.2186061696230146,3,0
2024-12-04,2647.81,31.2434,165.5,2470.0,-0.06435140016191054,0.6763658626967706,2,0
2024-12-03,2649.515,31.0335,101.4,6596.8,0.07705455197877242,0.4508936952567044,1,0
2024-12-02,2647.475,30.8942,151.0,2511.8,0.7813243495308209,2.2990142351464904,0,0
2024-12-01,2626.95,30.1999,0.0,111.0,-0.923649035995544,-1.3771324816469477,6,1
2024-11-30,2651.44,30.6216,16.4,41.0,0.0,0.0,5,1
2024-11-29,2651.44,30.6216,273.6,2546.5,-0.5511723899952581,-0.297918477783099,4,0
2024-11-28,2666.135,30.7131,46.6,1680.8,1.08645373614209,2.7486074636602353,3,0
2024-11-27,2637.48,29.8915,134.3,1460.0,-0.43769995186998534,-2.5062051735328494,2,0
2024-11-26,2649.075,30.6599,202.3,1175.0,0.9983262736904752,1.3275740129948366,1,0
2024-11-25,2622.89,30.2582,608.0,10651.2,-3.466411490297472,-3.5010843219798526,0,0
2024-11-22,2717.075,31.356,358.5,4927.2,0.8546611978248242,0.844552220085304,4,0
2024-11-21,2694.05,31.0934,179.8,1726.5,1.1891571107163212,-0.5087609271608007,3,0
2024-11-20,2662.39,31.2524,227.1,3579.0,1.2250158734986583,0.7050422767580944,2,0
2024-11-19,2630.17,31.0336,475.1,2613.8,0.15841523832733628,-0.8846844199727921,1,0
2024-11-18,2626.01,31.3106,376.4,8112.0,1.5202856165323686,2.1356411000818865,0,0
2024-11-17,2586.685,30.6559,17.0,55.0,0.8786520315659407,1.3166983392547182,6,1
2024-11-16,2564.155,30.2575,26.3,37.0,0.0,0.0,5,1
2024-11-15,2564.155,30.2575,215.1,2925.3,0.07395814632393805,-0.2791491717805461,4,0
2024-11-14,2562.26,30.3422,146.3,3230.0,0.27139404968059555,1.4986184611061493,3,0
2024-11-13,2555.325,29.8942,76.6,2225.0,-1.9492541608710279,-3.119571698944801,2,0
2024-11-12,2606.125,30.8568,56.0,2206.5,-0.10636666794434646,1.5865072806824143,1,0
2024-11-11,2608.9,30.3749,126.8,6750.0,-2.846205121903078,-2.9977390015839767,0,0
2024-11-08,2685.33,31.3136,494.4,4536.3,-0.05936153781740394,-0.7319818034839609,4,0
2024-11-07,2686.925,31.5445,549.7,10117.1,1.099064421881213,1.4175208014506335,3,0
2024-11-06,2657.715,31.1036,237.2,2655.2,-1.871218932245844,-1.6113624141966931,2,0
2024-11-05,2708.395,31.613,661.3,9767.6,-1.0958934124061348,-2.8144550163702653,1,0
2024-11-04,2738.405,32.5285,1265.0,20216.7,-0.11489829676951668,-0.8730763370409789,0,0
2024-11-03,2741.555,32.815,70.4,896.1,0.15068878473605274,1.1045553279004139,6,1
2024-11-01,2737.43,32.4565,55.0,6071.9,-0.6595647779707225,-1.1102681523054048,4,0
2024-10-31,2755.605,32.8209,605.3,5193.6,-1.097025666057705,-2.637785114846869,3,0
2024-10-30,2786.17,33.7101,1566.2,7178.1,0.08567471985085895,-1.5202816201925207,2,0
2024-10-29,2783.785,34.2305,817.0,6839.4,1.1682124115073078,1.2709720747080766,1,0
2024-10-28,2751.64,33.8009,480.4,8635.8,0.08911715814474697,0.24943055094195365,0,0
2024-10-25,2749.19,33.7168,1809.4,23940.8,0.6913121746025652,0.4938735242659753,4,0
2024-10-24,2730.315,33.5511,990.0,9177.1,-0.01483125329582169,-1.1775829212185784,3,0
2024-10-23,2730.72,33.9509,483.9,6270.0,-0.8002906184724434,-2.2568144915185995,2,0
2024-10-22,2752.75,34.7348,1139.6,10289.0,0.7587792183073372,2.1065194513525176,1,0
2024-10-21,2732.02,34.0182,2512.0,18931.1,0.2259837262368558,0.5652289591155046,0,0
2024-10-20,2725.86,33.827,68.3,885.8,0.09400359857525409,0.3128567827646922,6,1
2024-10-18,2723.3,33.7215,1755.7,18000.0,0.38279857643901405,4.869758300264948,4,0
2024-10-17,2712.915,32.1556,1148.4,3672.2,1.032891649721801,1.5894479109075155,3,0
2024-10-16,2685.18,31.6525,558.1,4680.0,0.5632663455848785,0.18833285854460424,2,0
2024-10-15,2670.14,31.593,1156.5,6090.0,0.4189544941707313,0.14867130960720676,1,0
2024-10-11,2659.0,31.5461,520.3,8770.0,0.5061214615910803,1.041286313699108,4,0
2024-10-10,2645.61,31.221,569.4,4700.2,1.1744234961184041,2.3219991806636697,3,0
2024-10-09,2614.9,30.5125,334.4,2606.1,-0.23730313759002808,-0.4830303386104573,2,0
2024-10-08,2621.12,30.6606,268.1,2155.0,-0.9743436686551421,-2.756757099632734,1,0
2024-10-07,2646.91,31.5298,1252.0,6603.9,0.18394807062696028,-1.0981841222839406,0,0
2024-10-06,2642.05,31.8799,24.5,162.3,-0.5038731956782727,-1.014388355181861,6,1
2024-10-04,2655.43,32.2066,200.0,3875.0,-0.5045159138894584,-0.11599057188933504,4,0
2024-10-03,2668.895,32.244,334.0,5675.0,0.5280851264183761,1.998918135777128,3,0
2024-10-02,2654.875,31.6121,708.4,3360.0,0.18774293369561157,1.5891328380080783,2,0
2024-10-01,2649.9,31.1176,320.0,3490.0,0.18544458496141392,-0.9126167837423038,1,0
2024-09-30,2644.995,31.4042,1182.5,3600.0,-0.5708260343284977,-0.7468276417882169,0,0
2024-09-27,2660.18,31.6405,340.0,7401.0,-0.2572139900413939,-0.3254178768767435,4,0
2024-09-26,2667.04,31.7438,384.2,2537.5,0.16336862345973646,-0.6394746479446378,3,0
2024-09-25,2662.69,31.9481,401.8,4004.9,0.15233352390697785,0.3694569673740489,2,0
2024-09-24,2658.64,31.8305,666.1,4471.5,1.2265722417354352,3.400165021862156,1,0
2024-09-23,2626.425,30.7838,761.9,4002.2,-0.18697662222170175,-0.8732893253904361,0,0
2024-09-22,2631.345,31.055,12.5,380.2,0.2829735662672528,-0.4267653367790891,6,1
2024-09-21,2623.92,31.1881,11.1,82.0,0.0,0.0,5,1
2024-09-20,2623.92,31.1881,155.1,5742.0,1.0591506767009928,0.26393621809295276,4,0
2024-09-19,2596.42,31.106,520.4,3320.0,0.8087467337580811,1.056174445841429,3,0
2024-09-18,2575.59,30.7809,153.9,2930.0,0.2338903634057088,1.0375909246080672,2,0
2024-09-17,2569.58,30.4648,191.2,990.0,-0.4445856442423679,-1.0754643460189617,1,0
2024-09-16,2581.055,30.796,552.3,4960.0,0.05291333454793268,0.21281719198453786,0,0
2024-09-13,2579.69,30.7306,290.0,6010.0,0.46617232408519005,2.666332581642017,4,0
2024-09-12,2567.72,29.9325,251.0,4014.6,1.8332378212132072,3.910643615913356,3,0
2024-09-11,2521.495,28.806,152.7,471.0,0.11136741718908993,1.2602161877142137,2,0
2024-09-10,2518.69,28.4475,274.7,2933.0,0.5101949195998934,0.3708225132663445,1,0
2024-09-09,2505.905,28.3424,375.4,3429.0,0.6609893751632123,2.113432147515115,0,0
2024-09-08,2489.45,27.7558,27.3,47.2,-0.391918359344523,-0.6855736132878154,6,1
2024-09-07,2499.245,27.9474,15.8,8.0,0.0,0.0,5,1
2024-09-06,2499.245,27.9474,190.0,4485.2,-0.8639343124324461,-3.081564710778195,4,0
2024-09-05,2521.025,28.836,240.8,3630.0,0.7271782885339695,1.8292252277703147,3,0
2024-09-04,2502.825,28.318,155.4,1920.0,0.3196584965027949,1.3561639422887684,2,0
2024-09-03,2494.85,27.9391,472.1,3520.0,-0.4083701917703242,-3.2328340116027365,1,0
2024-08-30,2505.08,28.8725,277.6,4548.0,-0.4076991732711588,-2.1417144561489243,4,0
2024-08-29,2515.335,29.5044,327.5,3970.0,-0.20590948314339608,-0.09717909735178498,3,0
2024-08-28,2520.525,29.5331,335.0,1924.2,0.53046695051302,0.2399668730314053,2,0
2024-08-27,2507.225,29.4624,204.5,2694.2,-0.3133069991113735,-2.0141013702274946,1,0
2024-08-26,2515.105,30.068,593.5,2573.0,0.10925981945262286,1.0254411547300668,0,0
2024-08-25,2512.36,29.7628,6.3,62.2,-0.07278686177257798,-0.26339246818178896,6,1
2024-08-24,2514.19,29.8414,3.1,25.0,0.0,0.0,5,1
2024-08-23,2514.19,29.8414,305.6,4937.8,0.8319814553759963,1.9661040114808959,4,0
2024-08-22,2493.445,29.266,280.8,2145.0,-0.5222348780288155,-0.9003822984636978,3,0
2024-08-21,2506.535,29.5319,173.4,1770.0,-0.42249828180059845,-0.0666630571610316,2,0
2024-08-20,2517.17,29.5516,355.1,1150.0,0.651974416851786,0.6512172858680554,1,0
2024-08-19,2500.865,29.3604,550.7,6760.0,-0.35679849550965814,1.1228060507535886,0,0
2024-08-16,2509.82,29.0344,290.6,4300.0,2.1298240473981433,3.001965361392367,4,0
2024-08-15,2457.48,28.1882,360.6,4096.2,0.0792088078565456,1.2379909134986544,3,0
2024-08-14,2455.535,27.8435,173.5,2638.6,-0.3528485571557938,0.1690860360117119,2,0
2024-08-13,2464.23,27.7965,314.0,1080.0,-0.006086723638398794,0.33968176042509235,1,0
2024-08-12,2464.38,27.7024,657.6,4295.0,1.1324347449610972,0.20038340507109176,0,0
2024-08-11,2436.785,27.647,7.4,145.2,0.15721590161776877,0.6447056596492917,6,1
2024-08-09,2432.96,27.4699,216.8,8452.9,0.5845825650523828,0.08708008452962268,4,0
2024-08-08,2418.82,27.446,440.4,4650.0,0.9092520937411974,1.9823502090106748,3,0
2024-08-07,2397.025,26.9125,278.8,3537.0,0.15982784556243246,-0.6566901928358293,2,0
2024-08-06,2393.2,27.0904,458.6,2182.0,-2.1158069965193316,-5.211704729547684,1,0
2024-08-02,2444.93,28.5799,413.2,8170.0,-0.9484106727598474,-1.3230627936926753,4,0
2024-08-01,2468.34,28.9631,340.0,7007.0,0.7991767295417729,-0.0065596409459689475,3,0
2024-07-31,2448.77,28.965,298.5,4006.0,1.2158199189453267,1.340004198446576,2,0
2024-07-30,2419.355,28.582,393.5,5042.0,1.2066462805008005,2.3633609219936957,1,0
2024-07-29,2390.51,27.9221,362.8,5048.8,-0.1649641255230705,-0.6242548269418946,0,0
2024-07-28,2394.46,28.0975,3.3,3.0,0.22896705302242193,0.5709070083756984,6,1
2024-07-27,2388.99,27.938,6.8,134.0,0.0,0.0,5,1
2024-07-26,2388.99,27.938,379.7,7153.0,0.5534884504006854,0.1929408051871695,4,0
2024-07-25,2375.84,27.8842,166.0,1360.0,-0.09314334613790276,-0.31566717311645176,3,0
2024-07-24,2378.055,27.9725,469.0,260.0,-1.6499514051159014,-4.492252852684697,2,0
2024-07-23,2417.95,29.2882,203.0,150.0,0.9810145084904187,1.2420105845711404,1,0
2024-07-22,2394.46,28.9289,657.0,3710.0,-0.3466803174642763,-1.0263814238647417,0,0
2024-07-19,2402.79,29.2289,95.9,5559.0,-0.9171020564694099,-0.950880225012285,4,0
2024-07-18,2425.03,29.5095,240.0,450.0,-1.7627792890143712,-3.0093574055631733,3,0
2024-07-17,2468.545,30.4251,461.9,6245.0,0.04356689240396783,-1.5419913531985352,2,0
2024-07-16,2467.47,30.9016,102.7,1620.0,1.4126012083350403,0.1526519632468526,1,0
2024-07-15,2433.1,30.8545,499.7,3699.0,0.965209308501791,0.12590984465712385,0,0
2024-07-14,2409.84,30.8157,8.6,15.0,-0.13012954935390786,0.04285366447529526,6,1
2024-07-13,2412.98,30.8025,4.0,33.0,0.0,0.0,5,1
2024-07-12,2412.98,30.8025,155.4,2030.0,0.13424656965779214,-0.7446767374716501,4,0
2024-07-11,2409.745,31.0336,65.0,1275.0,1.078847746982503,-0.19200277873367977,3,0
2024-07-10,2384.025,31.0933,455.0,2260.0,0.5796771274340529,1.0697499041093295,2,0
2024-07-09,2370.285,30.7642,19.0,237.3,0.16459670637554158,-0.8399731827441248,1,0
2024-07-08,2366.39,31.0248,612.0,3156.5,-0.7692678641442408,0.07483484723369571,0,0
2024-07-07,2384.735,31.0016,210.0,6000.0,-0.3562086860600222,-0.7329373529082139,6,1
2024-07-05,2393.26,31.2305,262.6,6341.6,1.1277925436391056,1.9525078021963571,4,0
2024-07-04,2366.57,30.6324,336.0,3842.8,0.33940128849534457,0.8776291827345739,3,0
2024-07-03,2358.565,30.3659,77.4,1393.2,1.012884837349537,2.300643465956953,2,0
2024-07-02,2334.915,29.683,532.0,3890.0,0.4919334534115638,2.068676198532393,1,0
2024-06-30,2323.485,29.0814,12.6,30.0,-0.20808905954051715,-0.23704567674655008,6,1
2024-06-29,2328.33,29.1505,30.2,17.0,0.0,0.0,5,1
2024-06-28,2328.33,29.1505,360.0,5125.0,0.055220247137466316,0.08377366005061226,4,0
2024-06-27,2327.045,29.1261,264.0,1260.0,0.574608319827119,0.9391753970702021,3,0
2024-06-25,2313.75,28.8551,136.0,820.0,-0.5471785702004794,-2.2785230239874776,1,0
2024-06-24,2326.48,29.5279,274.0,3390.0,0.11899049582242416,-0.0933836341797667,0,0
2024-06-21,2323.715,29.5555,1034.8,13352.2,-1.7786832756008009,-3.5486197455201762,4,0
2024-06-20,2365.795,30.6429,193.0,2375.0,1.0149336578388457,1.1003187130065317,3,0
2024-06-19,2342.025,30.3094,269.6,2352.2,0.4703868626290353,2.9797094358597898,2,0
2024-06-18,2331.06,29.4324,137.7,3068.3,0.30162862244786925,0.03228777584807219,1,0
2024-06-17,2324.05,29.4229,325.3,3396.2,-0.4510447275312801,-0.4907332251082308,0,0
2024-06-15,2334.58,29.568,19.5,177.3,0.0,0.0,5,1
2024-06-14,2334.58,29.568,300.0,0.0,0.9921506113611755,1.8146758031748256,4,0
2024-06-13,2311.645,29.041,284.0,150.0,-0.07154281761986292,-0.5084037356026472,3,0
2024-06-12,2313.3,29.1894,261.0,1270.0,-0.13900160585704757,-0.8949852307065465,2,0
2024-06-11,2316.52,29.453,150.0,0.0,0.6565540255756286,1.0623331526177449,1,0
2024-06-10,2301.41,29.1434,648.0,7330.0,0.26073602927561,-0.14938157398842744,0,0
2024-06-07,2295.425,29.187,163.1,7661.0,-3.445860823734026,-6.456720168196495,4,0
2024-06-06,2377.345,31.2016,416.8,104.0,0.332564524059209,2.4521586088235736,3,0
2024-06-05,2369.465,30.4548,473.0,56.0,1.2925193332848917,2.477236478165201,2,0
2024-06-04,2339.23,29.7186,77.3,2921.0,-0.43118125787449113,-2.7593179743406138,1,0
2024-06-03,2349.36,30.5619,636.9,6231.0,1.1913683938493458,1.9290609835409533,0,0
2024-06-02,2321.7,29.9835,3.5,33.0,-0.3172913026117663,-1.4332911454823405,6,1
2024-06-01,2329.09,30.4195,0.3,22.0,0.0,0.0,5,1
2024-05-31,2329.09,30.4195,375.6,12757.3,0.13930391039835843,-2.6681897009605327,4,0
2024-05-29,2325.85,31.2534,341.0,3880.0,-1.3874903278462636,-2.779730612498832,2,0
2024-05-28,2358.575,32.147,425.0,5760.0,0.2863715218722307,1.3474318717764389,1,0
2024-05-27,2351.84,31.7196,408.0,0.0,0.2809934974949524,3.0057803468207966,0,0
2024-05-26,2345.25,30.794,22.9,152.2,0.406721609761318,1.3991194997546863,6,1
2024-05-24,2335.75,30.3691,800.0,5575.0,-0.17821122089644037,-0.583032160067043,4,0
2024-05-23,2339.92,30.5472,120.9,120.0,-0.9140357526238541,0.9324301999008799,3,0
2024-05-22,2361.505,30.265,294.1,7477.4,-2.351780944268478,-4.849186038469034,2,0
2024-05-21,2418.38,31.8074,167.5,11096.0,-1.3171961838851498,-1.1532545022297502,1,0
2024-05-19,2450.66,32.1785,6.3,44.0,1.4113065914080236,2.1380801081736456,6,1
2024-05-18,2416.555,31.5049,1.5,20.0,0.0,0.0,5,1
2024-05-17,2416.555,31.5049,18.3,1093.4,1.4004397485712472,6.189371928570941,4,0
2024-05-16,2383.18,29.6686,582.0,51383.8,-0.31455222319822784,0.48500613031492446,3,0
2024-05-15,2390.7,29.5254,237.0,3750.0,1.9214454112540968,3.878914537221756,2,0
2024-05-13,2345.63,28.4229,861.0,15746.0,-0.6875907649447122,0.8923912464724904,0,0
2024-05-10,2361.87,28.1715,290.3,8330.5,0.14585974567826732,-1.0502098663528914,4,0
2024-05-09,2358.43,28.4705,0.0,803.8,1.7560285279130783,3.0106663193238514,3,0
2024-05-08,2317.73,27.6384,429.5,594.6,-0.05110148496171307,1.0105292395630405,2,0
2024-05-07,2318.915,27.3619,126.7,2705.6,-0.14705059143187427,0.29801397329969337,1,0
2024-05-06,2322.33,27.2806,266.9,84.3,0.34263740062219217,1.165153672718633,0,0
2024-05-05,2314.4,26.9664,38.8,115.3,0.4856255277948307,1.5435015909476046,6,1
2024-05-04,2303.215,26.5565,33.1,67.3,0.0,0.0,5,1
2024-05-03,2303.215,26.5565,7.0,14288.2,-0.18396851949762372,-0.508015480235724,4,0
2024-05-02,2307.46,26.6921,285.0,3070.0,-0.3577682344126809,0.6527395452317286,3,0
2024-05-01,2315.745,26.519,304.0,0.0,1.189633474909546,0.25707912744319383,2,0
2024-04-30,2288.52,26.451,0.0,2670.0,-1.5381173443704932,-1.2948727516978842,1,0
2024-04-29,2324.27,26.798,423.0,0.0,-0.622958389629058,-2.9304161987901645,0,0
2024-04-25,2338.84,27.607,387.8,1333.0,0.7740615069747436,1.4623783954632819,3,0
2024-04-24,2320.875,27.2091,5.6,70.0,-0.4074460278839842,-0.7988129005913613,2,0
2024-04-23,2330.37,27.4282,288.0,5502.0,0.8866223066899215,1.7155190316551439,1,0
2024-04-22,2309.89,26.9656,237.8,19740.3,-2.3939963110779727,-3.268667852838203,0,0
2024-04-21,2366.545,27.8768,0.5,110.0,-1.0933232471198817,-2.8141123971552107,6,1
2024-04-20,2392.705,28.684,12.0,614.2,0.0,0.0,5,1
2024-04-19,2392.705,28.684,1.6,150.0,0.43191467481527024,1.4885027579935928,4,0
2024-04-18,2382.415,28.2633,364.0,0.0,0.18228991455291332,-0.6894007273493874,3,0
2024-04-17,2378.08,28.4595,711.0,0.0,0.005887448800212525,0.640062238096073,2,0
2024-04-16,2377.94,28.2785,0.0,12040.0,-0.4187709908959225,-1.6960759775293432,1,0
2024-04-15,2387.94,28.7664,1185.0,0.0,1.81398016112424,3.1863720985289667,0,0
2024-04-12,2345.395,27.8781,7.6,29359.9,-1.8038668944265868,-3.501259968985382,4,0
2024-04-11,2388.48,28.8896,477.0,0.0,2.002049880423651,3.3613475443737384,3,0
2024-04-10,2341.6,27.9501,1.2,525.1,-0.7502225236299065,-0.672722232883427,2,0
2024-04-09,2359.3,28.1394,958.4,6812.3,0.5482785587497707,0.749731471535986,1,0
2024-04-08,2346.435,27.93,1.0,35718.5,0.46304621470958374,0.9597137125196609,0,0
2024-04-07,2335.62,27.6645,2.6,229.6,0.20464637364052685,0.6347762822844771,6,1
2024-04-06,2330.85,27.49,1.0,219.5,-0.005791543060129634,0.02401449602305039,5,1
2024-04-05,2330.985,27.4834,309.7,429.8,2.1797164724757234,2.88090799511862,4,0
2024-04-04,2281.26,26.7138,284.0,0.0,-0.6770259620952457,-1.081615498835442,3,0
2024-04-03,2296.81,27.0059,190.0,1980.0,0.45002886482514715,2.2578910699139643,2,0
2024-04-02,2286.52,26.4096,250.0,32500.0,1.39688339792996,4.310732990496957,1,0
2024-04-01,2255.02,25.3182,955.8,6208.3,0.9221653094881654,1.3684918563123594,0,0
2024-03-29,2234.415,24.9764,56.2,179.2,1.6731546723879331,1.4636762119101032,4,0
2024-03-27,2197.645,24.6161,203.3,20585.2,0.9015110123461234,0.7308439897698138,2,0
2024-03-26,2178.01,24.4375,11.6,6079.2,0.17316355792471594,-0.6702598120508552,1,0
2024-03-25,2174.245,24.6024,479.0,4543.0,0.14255118255301902,-0.36044938723605036,0,0
2024-03-24,2171.15,24.6914,42.1,289.5,0.20723140686587094,0.08471656431772168,6,1
2024-03-23,2166.66,24.6705,29.1,257.8,0.0,0.0,5,1
2024-03-22,2166.66,24.6705,0.0,20.0,-1.7835408351295823,-3.812713463607864,4,0
2024-03-20,2206.005,25.6484,13.0,450.0,2.1951524585151816,2.9998313347843863,2,0
2024-03-19,2158.62,24.9014,349.0,5240.0,0.006022728852128623,-0.25515619805248635,1,0
2024-03-18,2158.49,24.9651,94.9,833.2,0.4820460539025406,-0.30350104428320535,0,0
2024-03-17,2148.135,25.0411,75.1,922.8,-0.41975903837861983,-0.5638702145486452,6,1
2024-03-15,2157.19,25.1831,50.4,849.1,-0.6020029904320046,0.07112997313751812,4,0
2024-03-14,2170.255,25.1652,41.3,3334.2,0.03710617898546875,1.05937818757178,3,0
2024-03-13,2169.45,24.9014,48.4,619.6,0.3678001387924956,3.0158362429878682,2,0
2024-03-12,2161.5,24.1724,0.0,342.9,-0.7311405241065105,-1.229503172845503,1,0
2024-03-11,2177.42,24.4733,755.8,61882.6,-0.08489081206091154,0.6965931533903902,0,0
2024-03-10,2179.27,24.304,32.7,322.6,-0.0520545494988367,-0.04071744968927593,6,1
2024-03-09,2180.405,24.3139,21.4,404.3,0.0,0.0,5,1
2024-03-08,2180.405,24.3139,0.0,12500.0,0.8536275121996617,-0.38716179675849505,4,0
2024-03-07,2161.95,24.4084,71.0,0.0,0.23970919611642216,1.33937838892626,3,0
2024-03-06,2156.78,24.0858,378.0,2620.0,1.3338720817143601,1.6059835225331165,2,0
2024-03-05,2128.39,23.7051,1000.0,0.0,0.4587783845525717,-0.46189182493460157,1,0
2024-03-04,2118.67,23.8151,320.0,22810.0,3.4592715215618464,4.76557069831689,0,0
2024-02-29,2047.83,22.7318,210.0,0.0,0.8527393296774433,1.5057201289596645,3,0
2024-02-27,2030.515,22.3946,217.0,20800.0,-0.31664756144557105,-2.422169451645939,1,0
2024-02-23,2036.965,22.9505,0.0,6000.0,0.7296472670988541,1.2985350653019312,4,0
2024-02-22,2022.21,22.6563,118.0,0.0,-0.3935572849965485,-1.37771625574592,3,0
2024-02-21,2030.2,22.9728,0.0,100.0,0.08273677135977042,0.26623835752757063,2,0
2024-02-20,2028.5216666666668,22.9118,198.0,4490.0,0.08280528177644353,0.26694907836923853,1,0
2024-02-14,2026.8433333333332,22.8508,147.0,200.0,0.08287390574759357,0.26766360389296473,2,0
2024-02-12,2025.165,22.7898,95.0,4630.0,-0.4500275276259402,1.9390507373760357,0,0
2024-02-07,2034.32,22.3563,130.0,0.0,-0.02211552165600761,0.28799440160416356,2,0
2024-02-06,2034.77,22.2921,0.0,3540.0,0.3249218511177432,-0.42524109651453923,1,0
2024-02-05,2028.18,22.3873,288.0,260.0,-0.803576232142067,-2.234595397178918,0,0
2024-01-31,2044.61,22.899,90.0,4250.0,0.45841358437168633,-0.5498228059203636,2,0
2024-01-30,2035.28,23.0256,166.0,0.0,0.7706532852407522,0.9806157354617984,1,0
2024-01-26,2019.715,22.802,60.0,0.0,0.1452807314612059,0.069340214691338,4,0
2024-01-24,2016.785,22.7862,23.0,2640.0,-0.5137628255722171,1.3986356293860247,2,0
2024-01-23,2027.2,22.4719,472.0,0.0,0.6531631616969902,-0.8786516754811124,1,0
2024-01-17,2014.045,22.6711,102.0,40.0,-0.3261351010944491,-0.09826645632651232,2,0
2024-01-16,2020.635,22.6934,238.0,3540.0,-1.5157902945555857,-1.879531824922931,1,0
2024-01-15,2051.735,23.1281,0.0,100.0,0.7466131115181351,1.177659467428449,0,0
2024-01-11,2036.53,22.8589,190.0,150.0,0.0742007449558324,-0.8720728534258426,3,0
2024-01-10,2035.02,23.06,0.0,2300.0,0.45140988461775944,0.895193258485949,2,0
2024-01-09,2025.875,22.8554,0.0,20.0,-1.0261959665442077,-1.449237867322084,1,0
2024-01-05,2046.88,23.1915,0.0,10.0,0.15339487069081503,0.6855202834120666,4,0
2024-01-04,2043.745,23.0336,0.0,6150.0,,,3,0
